               epoch,      train/box_loss,      train/obj_loss,      train/cls_loss,   metrics/precision,      metrics/recall,     metrics/mAP_0.5,metrics/mAP_0.5:0.95,        val/box_loss,        val/obj_loss,        val/cls_loss,               x/lr0,               x/lr1,               x/lr2
                   0,            0.080134,             0.10568,            0.044001,              0.4804,             0.28179,             0.15983,             0.05861,            0.049882,            0.095898,            0.033574,              0.0701,           0.0033222,           0.0033222
                   1,              0.0604,             0.10157,            0.033895,             0.52143,             0.35564,              0.2504,             0.11375,            0.044573,            0.089081,            0.023836,            0.040078,           0.0066336,           0.0066336
                   2,            0.055914,            0.096445,            0.029116,             0.51967,             0.54217,             0.38621,             0.19481,            0.041082,            0.086783,            0.020058,            0.010034,           0.0099229,           0.0099229
                   3,             0.05044,            0.094332,            0.026349,             0.61923,             0.50881,             0.45935,             0.25963,             0.03795,            0.083252,             0.01793,            0.009901,            0.009901,            0.009901
                   4,             0.04659,            0.091191,            0.024282,             0.66586,             0.51395,             0.53206,             0.29913,            0.037214,            0.082425,            0.016499,            0.009901,            0.009901,            0.009901
                   5,            0.044547,            0.090454,            0.022218,              0.6957,             0.58319,             0.60323,             0.36324,            0.034445,            0.079522,            0.015322,            0.009868,            0.009868,            0.009868
                   6,            0.043298,            0.088772,            0.020592,             0.74084,             0.56319,             0.67203,             0.41162,            0.032983,            0.079224,            0.014521,            0.009835,            0.009835,            0.009835
                   7,            0.041885,            0.088483,            0.018925,             0.61798,              0.7483,             0.74558,             0.46864,            0.032779,            0.078635,            0.013769,            0.009802,            0.009802,            0.009802
                   8,            0.041226,            0.085369,            0.017904,             0.70514,             0.73024,             0.77617,             0.48973,            0.031873,            0.076592,            0.013132,            0.009769,            0.009769,            0.009769
                   9,            0.040889,            0.086106,            0.016839,             0.78124,             0.73029,             0.78459,             0.50901,            0.032029,            0.076184,            0.012712,            0.009736,            0.009736,            0.009736
                  10,            0.039951,            0.085398,             0.01603,             0.78658,             0.74525,              0.8127,             0.53979,            0.031398,            0.075751,            0.012596,            0.009703,            0.009703,            0.009703
                  11,            0.039455,            0.083179,            0.015352,             0.80666,             0.71934,             0.81722,              0.5315,            0.031352,            0.074889,            0.011991,             0.00967,             0.00967,             0.00967
                  12,            0.038894,            0.083784,            0.014972,             0.80019,             0.76147,             0.82319,             0.53973,            0.030971,            0.074569,            0.012058,            0.009637,            0.009637,            0.009637
                  13,            0.038005,            0.083316,            0.014308,             0.80857,             0.76497,             0.83413,             0.56299,            0.030479,            0.073087,            0.011541,            0.009604,            0.009604,            0.009604
                  14,            0.038015,            0.084155,             0.01409,             0.81586,             0.75546,             0.83229,             0.55069,            0.030946,            0.074302,             0.01142,            0.009571,            0.009571,            0.009571
                  15,            0.037621,            0.079868,            0.013644,             0.78847,             0.77562,             0.83318,             0.56383,            0.030405,            0.072862,            0.011695,            0.009538,            0.009538,            0.009538
                  16,            0.037325,            0.080604,            0.013517,             0.83165,             0.74667,             0.83707,             0.57095,            0.030024,            0.072499,            0.011045,            0.009505,            0.009505,            0.009505
                  17,            0.037152,            0.081245,            0.013079,             0.81947,              0.7839,              0.8381,              0.5818,            0.029787,            0.073058,            0.011249,            0.009472,            0.009472,            0.009472
                  18,            0.036381,            0.080349,            0.012774,             0.83674,             0.76128,             0.84107,             0.57678,            0.029937,            0.072544,            0.011242,            0.009439,            0.009439,            0.009439
                  19,             0.03604,            0.078039,            0.012725,             0.82894,             0.77359,             0.84617,             0.57883,            0.029475,              0.0723,            0.011142,            0.009406,            0.009406,            0.009406
                  20,            0.035688,            0.077053,            0.012316,             0.82889,             0.76936,             0.85153,             0.59122,            0.029616,            0.071824,            0.011097,            0.009373,            0.009373,            0.009373
                  21,            0.036017,            0.078879,            0.012219,              0.8454,             0.78207,             0.85086,             0.59209,            0.029397,             0.07182,            0.010743,             0.00934,             0.00934,             0.00934
                  22,            0.035333,            0.076761,            0.011903,             0.83777,             0.79333,             0.85449,              0.5858,            0.029144,             0.07149,            0.010361,            0.009307,            0.009307,            0.009307
                  23,            0.035044,             0.07641,            0.011823,             0.84671,             0.78911,             0.85678,             0.60573,            0.028947,            0.070801,            0.010778,            0.009274,            0.009274,            0.009274
                  24,            0.034893,            0.076623,            0.011666,             0.85616,             0.77204,             0.86019,              0.5968,            0.029325,            0.070926,            0.010507,            0.009241,            0.009241,            0.009241
                  25,            0.035077,            0.076144,            0.011497,             0.85863,             0.78468,             0.85738,             0.60076,              0.0292,            0.070739,            0.010288,            0.009208,            0.009208,            0.009208
                  26,            0.034698,            0.074797,            0.011537,             0.83724,             0.80343,             0.85597,             0.60345,            0.028864,            0.070128,             0.01092,            0.009175,            0.009175,            0.009175
                  27,            0.034156,            0.075182,            0.011344,             0.84079,             0.78422,             0.85863,             0.60932,            0.028865,            0.070595,            0.011315,            0.009142,            0.009142,            0.009142
                  28,            0.034326,            0.075495,            0.011269,             0.84937,             0.78808,             0.85437,             0.60777,            0.028469,            0.070501,            0.010717,            0.009109,            0.009109,            0.009109
                  29,            0.034318,            0.075925,            0.011031,             0.83635,             0.80825,             0.86071,               0.595,            0.028751,            0.070496,            0.010585,            0.009076,            0.009076,            0.009076
                  30,            0.034201,            0.074766,            0.010797,             0.85129,             0.79884,             0.86344,             0.61294,            0.028549,            0.070822,             0.01036,            0.009043,            0.009043,            0.009043
                  31,            0.033628,            0.074421,             0.01064,             0.86981,             0.79133,             0.86286,             0.61373,            0.028459,            0.070235,           0.0099433,             0.00901,             0.00901,             0.00901
                  32,            0.033898,            0.073542,            0.010692,             0.84524,             0.81209,              0.8602,             0.61008,            0.028346,            0.070398,            0.010163,            0.008977,            0.008977,            0.008977
                  33,            0.034109,            0.074317,             0.01054,             0.86286,             0.78912,             0.86263,             0.61365,            0.028674,            0.070683,            0.010604,            0.008944,            0.008944,            0.008944
                  34,            0.033373,            0.073077,            0.010495,             0.86089,              0.8024,              0.8645,             0.61783,            0.028211,            0.069537,            0.010485,            0.008911,            0.008911,            0.008911
                  35,            0.033267,            0.073967,            0.010248,              0.8713,             0.80076,             0.86642,             0.62532,            0.028207,             0.07044,            0.010239,            0.008878,            0.008878,            0.008878
                  36,            0.033427,            0.072283,            0.010316,              0.8614,             0.80437,             0.86639,             0.61147,            0.028284,            0.070248,            0.010267,            0.008845,            0.008845,            0.008845
                  37,            0.033309,            0.073138,            0.010186,             0.84971,             0.81784,             0.86829,             0.61968,            0.028042,             0.06937,             0.01049,            0.008812,            0.008812,            0.008812
                  38,            0.032599,            0.071955,           0.0099695,             0.85737,             0.81226,             0.86777,             0.62777,            0.027958,            0.069536,            0.010136,            0.008779,            0.008779,            0.008779
                  39,            0.032748,            0.070812,           0.0098293,             0.87592,             0.78366,             0.86978,             0.62292,            0.028204,            0.070598,            0.010321,            0.008746,            0.008746,            0.008746
                  40,            0.032683,            0.072281,           0.0098643,             0.85162,             0.81586,             0.86794,               0.625,            0.028098,             0.06936,            0.010446,            0.008713,            0.008713,            0.008713
                  41,            0.032858,            0.072159,           0.0098963,             0.86643,             0.81415,             0.87194,             0.63726,            0.028025,            0.069984,            0.010486,             0.00868,             0.00868,             0.00868
                  42,             0.03258,            0.071414,           0.0097971,             0.87403,             0.80351,             0.87257,             0.63037,            0.027979,            0.069563,           0.0099623,            0.008647,            0.008647,            0.008647
                  43,            0.032762,            0.070894,           0.0094862,             0.86865,              0.8077,             0.86918,             0.62904,            0.027826,            0.069134,            0.010267,            0.008614,            0.008614,            0.008614
                  44,            0.032548,            0.070662,           0.0096759,             0.85337,             0.82724,             0.87149,             0.64093,            0.027801,            0.069579,            0.010045,            0.008581,            0.008581,            0.008581
                  45,             0.03234,            0.069996,           0.0095107,               0.865,             0.81326,             0.87354,             0.63292,            0.027924,            0.069479,            0.010102,            0.008548,            0.008548,            0.008548
                  46,            0.032406,            0.071058,           0.0094908,             0.87722,              0.8114,             0.87715,             0.64156,            0.027793,            0.069284,           0.0098825,            0.008515,            0.008515,            0.008515
                  47,            0.032074,            0.069211,           0.0092251,             0.86658,               0.818,             0.87518,             0.63695,            0.027743,             0.06894,            0.009849,            0.008482,            0.008482,            0.008482
                  48,             0.03219,            0.070262,           0.0092887,             0.86672,             0.81939,             0.88135,              0.6382,            0.027594,            0.068604,           0.0096814,            0.008449,            0.008449,            0.008449
                  49,            0.032023,            0.069003,           0.0091249,             0.87948,             0.80242,              0.8788,             0.64076,            0.027454,            0.068522,            0.009675,            0.008416,            0.008416,            0.008416
                  50,            0.031711,            0.069422,           0.0090931,             0.87197,             0.80702,             0.87471,             0.63988,            0.027454,            0.069379,            0.010222,            0.008383,            0.008383,            0.008383
                  51,            0.031896,            0.068882,           0.0089996,             0.87503,             0.81747,             0.87892,             0.64269,            0.027649,            0.069043,            0.010279,             0.00835,             0.00835,             0.00835
                  52,             0.03187,            0.068963,           0.0089531,             0.88035,             0.81349,             0.88186,             0.64838,            0.027635,             0.06917,            0.010043,            0.008317,            0.008317,            0.008317
                  53,            0.031754,            0.068775,            0.008812,              0.8744,             0.81238,             0.87406,             0.64393,            0.027443,            0.069387,            0.010271,            0.008284,            0.008284,            0.008284
                  54,            0.031482,             0.06706,           0.0088865,             0.87782,             0.81517,             0.87992,             0.65055,             0.02745,             0.06971,            0.010063,            0.008251,            0.008251,            0.008251
                  55,             0.03153,            0.068249,           0.0088248,             0.87444,             0.81438,             0.87491,             0.64643,            0.027601,            0.068707,            0.010097,            0.008218,            0.008218,            0.008218
                  56,             0.03171,            0.068041,           0.0087935,             0.87601,             0.81973,              0.8799,             0.65727,            0.027418,             0.06899,            0.010038,            0.008185,            0.008185,            0.008185
                  57,             0.03148,            0.069206,           0.0086525,               0.869,             0.82043,             0.87753,             0.64968,            0.027398,            0.069086,             0.01095,            0.008152,            0.008152,            0.008152
                  58,            0.031364,            0.067323,           0.0088301,             0.87228,             0.82068,             0.87811,             0.64413,            0.027427,            0.069236,             0.01045,            0.008119,            0.008119,            0.008119
                  59,            0.031071,            0.066186,           0.0087057,               0.875,             0.81512,             0.87897,             0.65784,            0.027312,            0.069744,            0.010349,            0.008086,            0.008086,            0.008086
                  60,            0.030873,            0.068315,           0.0085407,              0.8804,             0.80896,             0.87524,             0.64981,            0.027345,            0.069305,            0.010503,            0.008053,            0.008053,            0.008053
                  61,            0.031232,            0.066378,           0.0085782,             0.87859,             0.81869,              0.8795,             0.65409,            0.027365,            0.068894,            0.010255,             0.00802,             0.00802,             0.00802
                  62,             0.03086,            0.066458,            0.008386,             0.86729,             0.83489,              0.8782,             0.65644,            0.027523,             0.06955,            0.010467,            0.007987,            0.007987,            0.007987
                  63,            0.030808,            0.066831,           0.0082911,              0.8803,             0.82837,             0.88264,             0.66336,            0.027174,             0.06917,            0.010022,            0.007954,            0.007954,            0.007954
                  64,            0.031062,            0.066888,           0.0085669,             0.87619,             0.82511,             0.88028,             0.65479,             0.02725,            0.069201,            0.010574,            0.007921,            0.007921,            0.007921
                  65,            0.030887,            0.067548,           0.0082142,              0.8784,             0.81866,             0.87877,             0.65558,            0.027113,            0.068637,            0.010295,            0.007888,            0.007888,            0.007888
                  66,            0.030706,            0.067489,           0.0081972,             0.88659,             0.81126,             0.88002,             0.65595,            0.027091,            0.069386,            0.010167,            0.007855,            0.007855,            0.007855
                  67,            0.030793,            0.066523,           0.0081443,             0.88107,             0.82384,             0.88175,             0.65982,            0.026886,            0.068755,            0.010392,            0.007822,            0.007822,            0.007822
                  68,            0.030568,            0.066371,           0.0082481,             0.88108,             0.82686,             0.88313,             0.65796,            0.027069,            0.069291,             0.01037,            0.007789,            0.007789,            0.007789
                  69,            0.030667,            0.066186,           0.0081089,             0.87534,             0.81891,             0.88276,             0.65652,            0.026963,            0.069066,            0.010714,            0.007756,            0.007756,            0.007756
                  70,            0.030449,            0.066708,           0.0079482,             0.88305,             0.81845,             0.87917,             0.65979,            0.027135,            0.069587,            0.010721,            0.007723,            0.007723,            0.007723
                  71,            0.030471,            0.065465,           0.0080123,             0.87878,             0.81475,             0.88246,             0.65632,            0.027067,            0.069626,            0.010517,             0.00769,             0.00769,             0.00769
                  72,            0.030588,            0.066299,           0.0080671,             0.88104,              0.8208,             0.88044,             0.66014,            0.027095,            0.069002,            0.010843,            0.007657,            0.007657,            0.007657
                  73,            0.030397,            0.066142,           0.0077791,             0.88106,             0.82685,             0.88041,             0.66346,            0.026802,            0.068965,            0.010914,            0.007624,            0.007624,            0.007624
                  74,            0.030179,            0.063851,           0.0078273,             0.87822,             0.82474,             0.88249,             0.66534,            0.026951,            0.068559,            0.010639,            0.007591,            0.007591,            0.007591
                  75,            0.030182,            0.066065,           0.0078772,             0.87216,                0.83,             0.88046,             0.66643,            0.026882,            0.069349,            0.010513,            0.007558,            0.007558,            0.007558
                  76,             0.03031,            0.065713,           0.0076684,             0.88388,             0.82077,             0.88019,             0.66575,            0.026739,            0.069234,             0.01062,            0.007525,            0.007525,            0.007525
                  77,            0.029835,            0.063511,           0.0077016,             0.88669,             0.82694,              0.8833,             0.67051,            0.026778,              0.0689,            0.010602,            0.007492,            0.007492,            0.007492
                  78,            0.030289,             0.06524,           0.0077795,             0.88041,             0.83222,             0.88406,             0.66878,            0.026839,            0.068824,            0.010607,            0.007459,            0.007459,            0.007459
                  79,            0.030251,             0.06438,           0.0075884,             0.88074,             0.83481,              0.8845,              0.6719,             0.02689,            0.068814,            0.010519,            0.007426,            0.007426,            0.007426
                  80,            0.029761,            0.063585,           0.0075414,             0.88135,             0.83051,             0.88368,             0.66876,            0.026696,            0.068847,            0.010536,            0.007393,            0.007393,            0.007393
                  81,            0.029812,            0.064106,           0.0076868,             0.88732,             0.82611,             0.88565,             0.67251,            0.026547,            0.068066,             0.01044,             0.00736,             0.00736,             0.00736
                  82,            0.029911,            0.064887,           0.0078535,             0.88664,             0.82633,              0.8851,             0.67523,            0.026521,             0.06852,            0.010584,            0.007327,            0.007327,            0.007327
                  83,            0.029792,            0.064683,           0.0075314,             0.89079,             0.82517,             0.88424,              0.6727,            0.026635,            0.068304,            0.010589,            0.007294,            0.007294,            0.007294
                  84,            0.030114,            0.063889,           0.0074329,             0.88774,             0.83032,             0.88384,             0.67638,            0.026635,            0.068468,            0.010426,            0.007261,            0.007261,            0.007261
                  85,            0.029809,            0.064013,            0.007436,             0.88912,             0.82586,             0.88463,             0.67301,            0.026676,             0.06938,             0.01049,            0.007228,            0.007228,            0.007228
                  86,            0.029552,            0.062782,           0.0074601,             0.87607,             0.84184,               0.885,             0.67455,            0.026576,            0.068644,            0.010895,            0.007195,            0.007195,            0.007195
                  87,            0.029848,            0.064745,            0.007428,             0.88578,             0.83186,             0.88291,             0.67192,            0.026604,            0.069353,            0.010721,            0.007162,            0.007162,            0.007162
                  88,            0.029763,            0.063924,           0.0074186,              0.8901,             0.82346,              0.8847,             0.67296,            0.026658,            0.069011,            0.011016,            0.007129,            0.007129,            0.007129
                  89,            0.029809,            0.063705,           0.0073306,              0.8838,             0.83394,             0.88663,             0.67685,            0.026448,            0.068511,            0.010744,            0.007096,            0.007096,            0.007096
                  90,            0.029485,             0.06304,           0.0072508,             0.88946,             0.82434,             0.88667,             0.67437,            0.026557,            0.068619,            0.010853,            0.007063,            0.007063,            0.007063
                  91,            0.029405,            0.062131,           0.0071886,              0.8887,             0.82424,             0.88647,             0.67993,            0.026527,            0.069217,            0.010927,             0.00703,             0.00703,             0.00703
                  92,            0.029314,            0.063513,           0.0072412,             0.89006,             0.82439,             0.88674,             0.67445,            0.026625,              0.0692,            0.010701,            0.006997,            0.006997,            0.006997
                  93,            0.029557,            0.062989,           0.0071174,              0.8938,             0.82964,             0.88574,             0.67583,            0.026618,            0.069685,            0.011125,            0.006964,            0.006964,            0.006964
                  94,            0.029508,            0.063235,           0.0073627,             0.88782,             0.83667,             0.88845,             0.67572,            0.026388,            0.069179,            0.010939,            0.006931,            0.006931,            0.006931
                  95,            0.029356,            0.063296,           0.0071263,             0.88647,             0.83172,             0.88694,             0.67676,            0.026589,            0.069491,            0.011054,            0.006898,            0.006898,            0.006898
                  96,            0.029248,            0.063015,           0.0071186,             0.89245,             0.82697,             0.88867,             0.68076,              0.0265,             0.06913,            0.010947,            0.006865,            0.006865,            0.006865
                  97,             0.02944,             0.06304,           0.0070575,             0.88914,             0.83461,             0.88832,             0.68191,            0.026442,            0.069346,            0.010741,            0.006832,            0.006832,            0.006832
                  98,            0.028922,            0.061509,           0.0070056,             0.88381,             0.83434,             0.88728,              0.6786,            0.026434,            0.069359,            0.010965,            0.006799,            0.006799,            0.006799
                  99,             0.02921,            0.061494,           0.0069805,             0.88286,             0.83976,              0.8884,             0.68022,            0.026331,             0.06901,             0.01104,            0.006766,            0.006766,            0.006766
                 100,            0.028893,            0.062494,           0.0069077,             0.88603,             0.83514,              0.8858,             0.67862,            0.026244,            0.068873,            0.011156,            0.006733,            0.006733,            0.006733
                 101,            0.029212,            0.062437,           0.0069504,             0.88155,              0.8377,             0.88547,             0.67945,            0.026279,            0.069412,            0.011218,              0.0067,              0.0067,              0.0067
                 102,            0.029171,            0.061828,           0.0069529,             0.88437,             0.83528,              0.8861,             0.68206,            0.026356,             0.06976,            0.010906,            0.006667,            0.006667,            0.006667
                 103,            0.028948,            0.061959,           0.0068439,             0.88743,             0.83861,             0.88773,             0.67914,            0.026313,            0.069246,            0.010887,            0.006634,            0.006634,            0.006634
                 104,            0.028752,            0.060564,           0.0069241,             0.88104,              0.8407,              0.8857,             0.67935,            0.026304,            0.069099,            0.011095,            0.006601,            0.006601,            0.006601
                 105,            0.028967,            0.061728,           0.0068335,             0.88778,             0.83519,             0.88616,             0.67961,             0.02632,            0.069344,            0.011062,            0.006568,            0.006568,            0.006568
                 106,            0.028809,            0.061992,            0.006792,             0.88993,             0.83667,             0.88538,              0.6799,             0.02628,            0.069091,            0.011301,            0.006535,            0.006535,            0.006535
                 107,            0.028692,            0.060898,           0.0068171,             0.88512,             0.84286,             0.88786,              0.6837,            0.026232,            0.068761,            0.011096,            0.006502,            0.006502,            0.006502
                 108,            0.028598,            0.060159,           0.0067971,              0.8831,             0.83795,             0.88663,             0.68222,            0.026323,            0.068728,            0.011053,            0.006469,            0.006469,            0.006469
                 109,             0.02876,            0.059817,           0.0067432,             0.88744,             0.82856,             0.88847,             0.68173,            0.026273,            0.068914,            0.011154,            0.006436,            0.006436,            0.006436
                 110,            0.028859,            0.060727,           0.0067156,             0.87893,             0.84117,             0.88952,              0.6829,            0.026242,            0.069065,            0.011068,            0.006403,            0.006403,            0.006403
                 111,            0.028682,            0.060853,           0.0068511,             0.88955,             0.83605,             0.88891,             0.68186,            0.026296,              0.0696,            0.011088,             0.00637,             0.00637,             0.00637
                 112,            0.028433,            0.060324,           0.0064661,             0.88259,             0.84184,             0.88785,             0.68281,            0.026225,            0.069254,            0.011102,            0.006337,            0.006337,            0.006337
                 113,            0.028686,            0.060492,           0.0067351,             0.87932,             0.84431,             0.88807,             0.68335,            0.026273,            0.069582,            0.011106,            0.006304,            0.006304,            0.006304
                 114,            0.028656,            0.060414,           0.0066497,             0.88166,             0.84235,             0.88702,             0.68382,            0.026287,            0.069825,             0.01136,            0.006271,            0.006271,            0.006271
                 115,              0.0286,            0.059799,           0.0066182,             0.88345,             0.83896,             0.88895,             0.68479,            0.026212,            0.069397,            0.011247,            0.006238,            0.006238,            0.006238
                 116,            0.028541,            0.059478,           0.0066691,             0.88252,             0.84358,             0.88806,             0.68431,            0.026216,            0.069716,            0.011169,            0.006205,            0.006205,            0.006205
                 117,            0.028219,            0.060802,           0.0065579,              0.8849,             0.84584,             0.88853,             0.68314,            0.026208,            0.069795,             0.01126,            0.006172,            0.006172,            0.006172
                 118,            0.028599,            0.059726,            0.006402,             0.88586,             0.84205,              0.8854,             0.68123,            0.026303,            0.070623,              0.0113,            0.006139,            0.006139,            0.006139
                 119,            0.028075,            0.059181,           0.0065202,             0.89091,             0.83638,             0.88737,             0.68524,            0.026252,            0.069944,            0.011192,            0.006106,            0.006106,            0.006106
                 120,            0.028298,            0.058936,           0.0064579,             0.88636,             0.84334,             0.88812,             0.68526,             0.02619,            0.069763,            0.011215,            0.006073,            0.006073,            0.006073
                 121,            0.028432,            0.059242,           0.0065451,              0.8908,             0.83893,             0.88782,             0.68579,            0.026223,            0.069893,            0.011237,             0.00604,             0.00604,             0.00604
                 122,            0.028108,            0.059397,           0.0064967,             0.89379,             0.83691,             0.88832,             0.68679,            0.026208,            0.069789,            0.011352,            0.006007,            0.006007,            0.006007
                 123,            0.028086,            0.059778,           0.0064016,             0.89241,             0.83782,             0.88841,             0.68835,            0.026175,            0.070021,            0.011448,            0.005974,            0.005974,            0.005974
                 124,            0.028202,            0.059416,           0.0065539,             0.88757,             0.84214,             0.88728,              0.6888,            0.026163,            0.070015,            0.011421,            0.005941,            0.005941,            0.005941
                 125,            0.028126,            0.058459,           0.0064806,              0.8906,             0.83864,              0.8882,             0.68812,            0.026185,             0.06986,             0.01145,            0.005908,            0.005908,            0.005908
                 126,            0.027918,            0.059581,           0.0062892,             0.88846,             0.84297,               0.888,             0.68904,            0.026152,            0.069932,            0.011585,            0.005875,            0.005875,            0.005875
                 127,            0.028159,             0.05988,           0.0063602,             0.88866,             0.84357,             0.88897,             0.68851,            0.026122,            0.069979,            0.011286,            0.005842,            0.005842,            0.005842
                 128,            0.027877,            0.058358,           0.0062068,             0.88638,             0.84507,              0.8877,              0.6882,            0.026099,            0.069885,            0.011298,            0.005809,            0.005809,            0.005809
                 129,            0.028011,             0.05834,           0.0062572,             0.88644,             0.84499,             0.88757,             0.68894,            0.026126,            0.070035,            0.011271,            0.005776,            0.005776,            0.005776
                 130,            0.027908,            0.058348,             0.00627,             0.88757,             0.84209,             0.88708,             0.68918,            0.026097,            0.070114,            0.011327,            0.005743,            0.005743,            0.005743
                 131,            0.028187,             0.05942,           0.0062765,             0.88871,             0.84256,             0.88909,             0.68939,            0.026053,            0.069864,              0.0114,             0.00571,             0.00571,             0.00571
                 132,            0.028082,            0.058843,           0.0061742,             0.88818,             0.84485,             0.88952,             0.68982,            0.026058,            0.069849,            0.011442,            0.005677,            0.005677,            0.005677
                 133,            0.027781,             0.05844,           0.0061817,             0.88844,             0.84152,             0.88975,             0.69143,            0.026046,            0.069926,            0.011503,            0.005644,            0.005644,            0.005644
                 134,             0.02775,            0.057662,           0.0062505,             0.89147,             0.84111,             0.89046,             0.69221,            0.026046,            0.069936,            0.011605,            0.005611,            0.005611,            0.005611
                 135,            0.027491,            0.057348,           0.0060935,             0.89119,             0.84157,             0.88953,              0.6942,             0.02601,            0.069937,            0.011752,            0.005578,            0.005578,            0.005578
                 136,            0.027844,              0.0575,             0.00598,             0.88558,             0.84744,             0.88913,             0.69404,            0.026042,            0.070092,            0.011812,            0.005545,            0.005545,            0.005545
                 137,            0.027646,            0.058298,           0.0061017,             0.88606,             0.84698,             0.88863,             0.69246,            0.026081,            0.070257,            0.011827,            0.005512,            0.005512,            0.005512
                 138,            0.027609,            0.057684,           0.0060432,             0.88349,             0.84977,             0.88967,             0.69495,             0.02609,            0.070178,            0.011697,            0.005479,            0.005479,            0.005479
                 139,            0.027665,            0.058845,           0.0059508,              0.8824,             0.84967,             0.88966,             0.69402,            0.026063,             0.07009,            0.011725,            0.005446,            0.005446,            0.005446
                 140,            0.027768,             0.05836,           0.0060502,             0.88498,             0.84548,             0.88893,             0.69477,            0.026084,            0.070228,            0.011744,            0.005413,            0.005413,            0.005413
                 141,            0.027526,            0.058361,           0.0059013,             0.88536,             0.84638,             0.88868,             0.69386,            0.026069,            0.070053,            0.011707,             0.00538,             0.00538,             0.00538
                 142,            0.027432,            0.057117,           0.0059687,             0.88461,             0.84733,             0.88891,             0.69376,            0.026036,            0.070179,            0.011811,            0.005347,            0.005347,            0.005347
                 143,            0.027587,            0.057028,           0.0059314,              0.8825,             0.84965,              0.8888,              0.6941,            0.026045,            0.070512,            0.011837,            0.005314,            0.005314,            0.005314
                 144,            0.027561,            0.056965,           0.0060336,             0.88648,             0.84771,             0.88945,             0.69344,            0.026055,            0.070645,            0.011799,            0.005281,            0.005281,            0.005281
                 145,            0.027242,            0.057853,            0.005854,             0.88389,             0.84984,             0.88865,             0.69394,            0.026044,            0.070639,            0.011792,            0.005248,            0.005248,            0.005248
                 146,            0.027488,            0.057531,            0.005968,             0.88574,             0.84889,             0.88927,             0.69406,            0.026032,             0.07062,            0.011714,            0.005215,            0.005215,            0.005215
                 147,            0.027279,            0.057208,           0.0058808,             0.88689,             0.84975,             0.88944,             0.69506,            0.026043,            0.070622,            0.011737,            0.005182,            0.005182,            0.005182
                 148,            0.027555,             0.05763,           0.0059875,             0.88661,             0.84938,             0.88983,             0.69346,            0.026042,             0.07062,            0.011669,            0.005149,            0.005149,            0.005149
                 149,            0.027527,            0.057785,           0.0057363,             0.88648,             0.85003,             0.88978,             0.69522,            0.026029,            0.070711,            0.011662,            0.005116,            0.005116,            0.005116
                 150,            0.027195,            0.056749,           0.0058175,             0.88583,             0.85011,             0.88968,             0.69479,            0.026016,            0.070697,            0.011689,            0.005083,            0.005083,            0.005083
                 151,            0.027295,            0.057178,           0.0057982,              0.8858,             0.84919,             0.88932,             0.69511,            0.026009,            0.070837,            0.011704,             0.00505,             0.00505,             0.00505
                 152,            0.027271,            0.057505,            0.005863,             0.88409,             0.84766,             0.88905,             0.69631,             0.02602,            0.070938,            0.011715,            0.005017,            0.005017,            0.005017
                 153,            0.027255,            0.056425,           0.0058413,             0.88772,             0.84451,             0.88854,             0.69542,            0.026036,            0.071181,            0.011752,            0.004984,            0.004984,            0.004984
                 154,            0.027175,            0.056756,            0.005788,             0.88924,             0.84758,              0.8887,             0.69594,            0.026028,            0.071133,            0.011779,            0.004951,            0.004951,            0.004951
                 155,            0.027015,             0.05688,           0.0057092,             0.88865,             0.84866,             0.88895,             0.69549,            0.026027,             0.07108,            0.011802,            0.004918,            0.004918,            0.004918
                 156,            0.027115,            0.056127,           0.0057405,             0.89062,             0.84724,             0.88868,             0.69522,            0.026019,            0.071135,            0.011806,            0.004885,            0.004885,            0.004885
                 157,            0.026914,            0.056077,           0.0057429,             0.88692,             0.84756,             0.88878,             0.69473,            0.026013,            0.071125,            0.011779,            0.004852,            0.004852,            0.004852
                 158,            0.027059,            0.056502,           0.0057196,             0.88719,             0.84815,             0.88807,             0.69321,            0.026017,            0.071184,            0.011809,            0.004819,            0.004819,            0.004819
                 159,            0.026938,            0.055824,           0.0056891,             0.88915,             0.84847,             0.88833,             0.69375,            0.026015,            0.071256,             0.01188,            0.004786,            0.004786,            0.004786
                 160,            0.027152,             0.05698,           0.0056498,             0.89171,             0.84701,             0.88831,             0.69361,            0.025998,            0.071277,            0.011909,            0.004753,            0.004753,            0.004753
                 161,            0.027014,              0.0568,           0.0056735,             0.89037,             0.84732,             0.88837,             0.69402,            0.025968,            0.071281,             0.01195,             0.00472,             0.00472,             0.00472
                 162,            0.026936,            0.055556,            0.005606,             0.89012,             0.84741,             0.88865,             0.69364,            0.025947,            0.071233,            0.011981,            0.004687,            0.004687,            0.004687
                 163,            0.026993,            0.056187,           0.0054785,             0.89093,             0.84767,             0.88909,             0.69383,            0.025926,            0.071119,            0.011953,            0.004654,            0.004654,            0.004654
                 164,            0.026865,            0.056294,           0.0055612,             0.89079,             0.84481,             0.88896,             0.69474,             0.02594,            0.071215,            0.011979,            0.004621,            0.004621,            0.004621
                 165,            0.026927,            0.055757,           0.0055557,             0.89113,               0.846,             0.88869,              0.6953,            0.025942,            0.071218,            0.012035,            0.004588,            0.004588,            0.004588
                 166,            0.026892,              0.0563,           0.0055699,             0.89196,             0.84639,             0.88871,             0.69492,            0.025942,            0.071325,            0.012085,            0.004555,            0.004555,            0.004555
                 167,            0.026775,            0.056093,           0.0055032,             0.89319,             0.84674,             0.88843,             0.69516,            0.025938,            0.071322,            0.012115,            0.004522,            0.004522,            0.004522
                 168,            0.026693,            0.056375,           0.0055129,              0.8928,             0.84847,             0.88896,             0.69592,             0.02593,            0.071316,            0.012154,            0.004489,            0.004489,            0.004489
                 169,            0.026575,            0.055192,            0.005428,             0.89223,             0.84958,             0.88942,             0.69678,            0.025918,            0.071229,            0.012187,            0.004456,            0.004456,            0.004456
                 170,            0.026517,            0.054859,           0.0055712,              0.8915,             0.85062,             0.88978,              0.6973,            0.025916,            0.071258,            0.012202,            0.004423,            0.004423,            0.004423
                 171,            0.026574,            0.054686,           0.0055491,             0.89113,             0.85053,             0.88971,             0.69777,            0.025928,            0.071295,             0.01222,             0.00439,             0.00439,             0.00439
                 172,            0.026615,            0.054938,           0.0055061,              0.8906,             0.85093,              0.8897,               0.698,            0.025944,            0.071353,            0.012269,            0.004357,            0.004357,            0.004357
                 173,            0.026546,            0.055309,           0.0055467,              0.8908,              0.8501,             0.88942,              0.6983,            0.025951,            0.071318,            0.012307,            0.004324,            0.004324,            0.004324
                 174,            0.026535,            0.054524,           0.0055285,             0.89101,             0.84993,             0.88931,             0.69788,            0.025951,            0.071415,            0.012326,            0.004291,            0.004291,            0.004291
                 175,            0.026668,             0.05604,           0.0053078,             0.89192,             0.84959,              0.8892,             0.69757,            0.025935,             0.07146,            0.012333,            0.004258,            0.004258,            0.004258
                 176,            0.026381,            0.054113,           0.0052833,             0.89216,             0.84938,              0.8893,             0.69832,            0.025935,            0.071458,            0.012361,            0.004225,            0.004225,            0.004225
                 177,            0.026487,             0.05469,           0.0053971,             0.89253,             0.84907,             0.88942,             0.69831,             0.02593,            0.071495,            0.012374,            0.004192,            0.004192,            0.004192
                 178,            0.026329,            0.054217,           0.0053191,             0.89189,             0.85044,             0.88932,              0.6985,            0.025932,            0.071535,            0.012404,            0.004159,            0.004159,            0.004159
                 179,            0.026272,            0.054203,           0.0053994,              0.8907,             0.85058,             0.88956,              0.6984,             0.02592,            0.071537,            0.012413,            0.004126,            0.004126,            0.004126
                 180,            0.026264,            0.053881,            0.005317,             0.89262,             0.84815,             0.88907,             0.69829,            0.025922,            0.071636,            0.012439,            0.004093,            0.004093,            0.004093
                 181,            0.026396,            0.054857,           0.0051804,             0.89264,             0.84754,               0.889,             0.69833,            0.025925,            0.071723,            0.012461,             0.00406,             0.00406,             0.00406
                 182,            0.026144,            0.053788,           0.0052978,             0.89102,             0.84865,              0.8886,             0.69837,            0.025917,            0.071802,            0.012469,            0.004027,            0.004027,            0.004027
                 183,            0.025899,            0.053657,           0.0052005,              0.8911,             0.84664,             0.88865,             0.69875,            0.025918,            0.071898,            0.012482,            0.003994,            0.003994,            0.003994
                 184,            0.026067,            0.054336,           0.0052297,             0.89024,             0.84647,             0.88809,             0.69859,            0.025917,            0.071949,            0.012473,            0.003961,            0.003961,            0.003961
                 185,            0.026274,            0.055063,           0.0050972,             0.89034,             0.84711,             0.88824,             0.69883,            0.025921,            0.071997,            0.012487,            0.003928,            0.003928,            0.003928
                 186,            0.026178,            0.054042,           0.0052405,             0.89065,             0.84715,             0.88853,             0.69898,            0.025917,            0.072049,            0.012493,            0.003895,            0.003895,            0.003895
                 187,            0.026291,            0.054749,            0.005159,             0.89086,             0.84725,             0.88842,             0.69874,            0.025914,            0.072097,            0.012488,            0.003862,            0.003862,            0.003862
                 188,            0.026011,             0.05375,           0.0051768,             0.89142,             0.84776,             0.88835,             0.69902,            0.025912,            0.072112,            0.012483,            0.003829,            0.003829,            0.003829
                 189,            0.025988,            0.053417,            0.005131,             0.89081,             0.84787,             0.88851,             0.69909,            0.025909,            0.072127,            0.012495,            0.003796,            0.003796,            0.003796
                 190,            0.026025,            0.054227,           0.0051631,             0.89092,             0.84789,              0.8884,              0.6993,            0.025908,            0.072164,            0.012515,            0.003763,            0.003763,            0.003763
                 191,            0.026092,            0.054433,           0.0051106,             0.89029,             0.84732,             0.88843,             0.69915,            0.025907,            0.072238,            0.012551,             0.00373,             0.00373,             0.00373
                 192,             0.02586,            0.052847,            0.005177,             0.88994,             0.84856,             0.88831,             0.69909,            0.025908,            0.072293,             0.01258,            0.003697,            0.003697,            0.003697
                 193,            0.025901,            0.052963,           0.0050871,             0.89054,               0.848,             0.88839,              0.6997,            0.025907,            0.072299,            0.012608,            0.003664,            0.003664,            0.003664
                 194,             0.02587,            0.054071,           0.0050804,             0.89303,             0.84661,             0.88844,             0.70036,            0.025903,            0.072327,            0.012627,            0.003631,            0.003631,            0.003631
                 195,            0.025858,            0.053258,           0.0050304,             0.89181,             0.84656,             0.88861,             0.70004,            0.025902,            0.072392,            0.012631,            0.003598,            0.003598,            0.003598
                 196,            0.025833,            0.053518,           0.0050943,             0.89229,             0.84705,             0.88863,             0.70045,            0.025898,             0.07241,            0.012628,            0.003565,            0.003565,            0.003565
                 197,            0.025992,            0.054377,           0.0048797,             0.89254,             0.84657,             0.88848,             0.70011,            0.025899,            0.072452,            0.012635,            0.003532,            0.003532,            0.003532
                 198,            0.025886,            0.052922,           0.0049959,             0.89174,             0.84732,             0.88849,             0.70007,            0.025896,            0.072479,            0.012652,            0.003499,            0.003499,            0.003499
                 199,            0.025771,            0.052845,           0.0051087,             0.89231,             0.84774,             0.88873,             0.70014,            0.025896,            0.072484,            0.012665,            0.003466,            0.003466,            0.003466
                 200,            0.025878,            0.053626,           0.0051019,             0.89208,             0.84785,             0.88864,              0.7005,            0.025896,            0.072517,            0.012677,            0.003433,            0.003433,            0.003433
                 201,            0.025759,            0.053359,           0.0048835,             0.89222,             0.84834,             0.88873,             0.70069,              0.0259,             0.07259,             0.01269,              0.0034,              0.0034,              0.0034
                 202,            0.025676,            0.052259,           0.0049792,             0.89353,             0.84797,              0.8888,             0.70052,            0.025903,            0.072639,              0.0127,            0.003367,            0.003367,            0.003367
                 203,            0.025514,            0.052037,           0.0048735,             0.89445,             0.84724,             0.88894,             0.70059,              0.0259,            0.072666,            0.012722,            0.003334,            0.003334,            0.003334
                 204,             0.02558,            0.052159,           0.0048732,             0.89359,             0.84843,             0.88893,             0.70095,            0.025897,            0.072687,             0.01274,            0.003301,            0.003301,            0.003301
                 205,            0.025692,            0.053256,           0.0050602,             0.89477,              0.8474,             0.88891,             0.70134,            0.025898,            0.072727,            0.012754,            0.003268,            0.003268,            0.003268
                 206,            0.025453,            0.053194,            0.004877,              0.8952,             0.84823,               0.889,             0.70133,            0.025899,            0.072774,            0.012771,            0.003235,            0.003235,            0.003235
                 207,            0.025634,            0.053271,           0.0049759,              0.8939,             0.84835,              0.8891,             0.70171,            0.025895,            0.072811,            0.012789,            0.003202,            0.003202,            0.003202
                 208,             0.02566,            0.052556,           0.0049246,             0.89234,             0.85006,             0.88923,             0.70133,            0.025893,            0.072842,            0.012815,            0.003169,            0.003169,            0.003169
                 209,            0.025458,            0.052346,           0.0049583,             0.89361,             0.84924,             0.88915,             0.70127,            0.025893,            0.072872,            0.012824,            0.003136,            0.003136,            0.003136
                 210,              0.0253,            0.051702,           0.0048667,             0.89464,             0.84717,             0.88914,             0.70109,            0.025891,            0.072918,            0.012853,            0.003103,            0.003103,            0.003103
                 211,            0.025269,            0.052314,           0.0048769,             0.89242,              0.8486,             0.88924,             0.70138,             0.02589,            0.072953,            0.012878,             0.00307,             0.00307,             0.00307
                 212,            0.025419,            0.052213,           0.0048485,             0.89412,             0.84779,             0.88942,             0.70135,            0.025893,            0.072989,            0.012896,            0.003037,            0.003037,            0.003037
                 213,            0.025181,            0.051552,           0.0047785,             0.89275,             0.84837,             0.88927,             0.70143,            0.025899,            0.073001,            0.012914,            0.003004,            0.003004,            0.003004
                 214,             0.02541,            0.052869,           0.0047124,              0.8934,             0.84837,             0.88925,             0.70144,            0.025897,            0.073021,            0.012935,            0.002971,            0.002971,            0.002971
                 215,            0.025192,            0.051469,           0.0047781,             0.89496,             0.84835,              0.8893,             0.70169,            0.025895,            0.073045,            0.012953,            0.002938,            0.002938,            0.002938
                 216,            0.025083,             0.05182,           0.0047107,             0.89424,             0.84874,             0.88913,             0.70197,            0.025894,            0.073078,            0.012976,            0.002905,            0.002905,            0.002905
                 217,            0.025352,            0.051847,            0.004833,             0.89361,             0.84912,             0.88919,             0.70174,            0.025892,            0.073095,            0.012988,            0.002872,            0.002872,            0.002872
                 218,            0.025375,            0.051739,           0.0047494,             0.89382,             0.84913,               0.889,             0.70191,            0.025892,            0.073127,            0.013007,            0.002839,            0.002839,            0.002839
                 219,            0.025176,             0.05147,           0.0047606,             0.89452,             0.84904,             0.88881,             0.70219,            0.025891,             0.07314,            0.013024,            0.002806,            0.002806,            0.002806
                 220,             0.02512,            0.051664,           0.0046989,             0.89512,             0.84911,             0.88862,             0.70195,            0.025889,            0.073171,            0.013044,            0.002773,            0.002773,            0.002773
                 221,            0.025301,            0.051485,           0.0046789,             0.89498,             0.84911,             0.88868,             0.70202,            0.025884,            0.073207,            0.013066,             0.00274,             0.00274,             0.00274
                 222,            0.025072,            0.050857,           0.0047414,             0.89649,             0.84804,             0.88855,             0.70173,            0.025885,            0.073246,            0.013081,            0.002707,            0.002707,            0.002707
                 223,            0.024914,            0.051448,           0.0046255,             0.89648,             0.84769,              0.8885,             0.70172,            0.025882,            0.073275,            0.013088,            0.002674,            0.002674,            0.002674
                 224,             0.02508,             0.05101,           0.0045331,             0.89601,             0.84788,             0.88852,             0.70198,            0.025882,            0.073289,            0.013097,            0.002641,            0.002641,            0.002641
                 225,            0.025076,            0.052169,           0.0046685,             0.89598,             0.84841,             0.88845,              0.7023,             0.02588,            0.073297,            0.013102,            0.002608,            0.002608,            0.002608
                 226,             0.02478,            0.050235,           0.0046931,             0.89648,             0.84728,             0.88847,              0.7022,            0.025879,            0.073325,            0.013112,            0.002575,            0.002575,            0.002575
                 227,            0.025091,            0.050652,           0.0046661,             0.89678,             0.84737,             0.88826,              0.7017,            0.025878,            0.073349,            0.013127,            0.002542,            0.002542,            0.002542
                 228,            0.024781,             0.05011,           0.0045847,             0.89683,             0.84793,             0.88827,             0.70201,            0.025881,            0.073392,            0.013132,            0.002509,            0.002509,            0.002509
                 229,            0.024721,            0.050234,           0.0045901,             0.89597,             0.84804,             0.88805,             0.70204,            0.025881,            0.073424,            0.013139,            0.002476,            0.002476,            0.002476
                 230,            0.024836,            0.050708,           0.0044955,             0.89583,             0.84834,               0.888,             0.70224,            0.025884,            0.073459,            0.013145,            0.002443,            0.002443,            0.002443
                 231,            0.024884,            0.050461,           0.0046252,             0.89645,             0.84812,             0.88791,             0.70205,            0.025888,            0.073511,            0.013154,             0.00241,             0.00241,             0.00241
                 232,            0.024647,            0.050666,           0.0045051,              0.8963,             0.84869,             0.88792,              0.7021,            0.025891,            0.073544,            0.013157,            0.002377,            0.002377,            0.002377
                 233,            0.024646,            0.050082,           0.0044679,             0.89629,             0.84901,             0.88801,             0.70236,            0.025891,             0.07359,            0.013164,            0.002344,            0.002344,            0.002344
                 234,            0.024658,            0.050053,           0.0045134,             0.89568,              0.8492,             0.88801,             0.70248,            0.025894,             0.07363,            0.013166,            0.002311,            0.002311,            0.002311
                 235,            0.024485,            0.050202,           0.0044763,             0.89564,             0.84952,               0.888,             0.70221,            0.025895,            0.073676,            0.013173,            0.002278,            0.002278,            0.002278
                 236,            0.024489,            0.049679,           0.0044074,             0.89598,             0.84889,             0.88792,             0.70254,            0.025896,             0.07372,            0.013186,            0.002245,            0.002245,            0.002245
                 237,            0.024486,            0.050194,           0.0044228,             0.89641,             0.84824,             0.88788,              0.7026,              0.0259,            0.073753,            0.013194,            0.002212,            0.002212,            0.002212
                 238,            0.024694,            0.049629,           0.0043716,             0.89645,              0.8483,             0.88801,             0.70248,            0.025903,            0.073771,            0.013206,            0.002179,            0.002179,            0.002179
                 239,            0.024773,            0.050707,           0.0044346,             0.89647,             0.84848,             0.88798,             0.70273,            0.025904,            0.073802,            0.013217,            0.002146,            0.002146,            0.002146
                 240,            0.024452,            0.050088,           0.0043364,             0.89609,             0.84913,             0.88804,             0.70307,            0.025904,            0.073829,             0.01323,            0.002113,            0.002113,            0.002113
                 241,            0.024413,            0.049566,           0.0043645,             0.89645,              0.8488,              0.8881,             0.70295,            0.025905,             0.07387,             0.01324,             0.00208,             0.00208,             0.00208
                 242,            0.024099,            0.049324,            0.004309,             0.89695,             0.84821,             0.88811,             0.70292,            0.025908,            0.073914,            0.013252,            0.002047,            0.002047,            0.002047
                 243,            0.024489,             0.05008,           0.0042995,              0.8969,             0.84764,             0.88818,             0.70272,            0.025909,            0.073947,            0.013265,            0.002014,            0.002014,            0.002014
                 244,            0.024266,            0.049454,           0.0043167,             0.89721,             0.84717,             0.88798,             0.70274,             0.02591,            0.073995,            0.013273,            0.001981,            0.001981,            0.001981
                 245,            0.024303,             0.04921,           0.0042923,             0.89715,             0.84742,             0.88795,             0.70291,             0.02591,            0.074013,            0.013283,            0.001948,            0.001948,            0.001948
                 246,            0.024205,            0.049323,           0.0042473,             0.89788,             0.84676,             0.88804,             0.70318,            0.025909,            0.074035,            0.013293,            0.001915,            0.001915,            0.001915
                 247,            0.024302,            0.049296,           0.0043134,             0.89768,             0.84711,               0.888,             0.70306,             0.02591,            0.074061,            0.013302,            0.001882,            0.001882,            0.001882
                 248,            0.024162,            0.048808,           0.0043094,               0.897,             0.84756,             0.88818,             0.70293,             0.02591,            0.074078,            0.013312,            0.001849,            0.001849,            0.001849
                 249,            0.024332,            0.049037,            0.004306,             0.89637,              0.8477,             0.88826,             0.70324,            0.025911,            0.074117,             0.01332,            0.001816,            0.001816,            0.001816
                 250,            0.024183,            0.048652,           0.0043212,              0.8957,             0.84835,             0.88825,             0.70327,            0.025912,            0.074135,            0.013327,            0.001783,            0.001783,            0.001783
                 251,            0.024151,            0.048927,           0.0042021,             0.89596,             0.84806,             0.88832,             0.70376,            0.025914,            0.074175,            0.013336,             0.00175,             0.00175,             0.00175
                 252,            0.024156,            0.049066,           0.0042109,             0.89615,              0.8482,             0.88828,             0.70333,            0.025914,            0.074197,            0.013343,            0.001717,            0.001717,            0.001717
                 253,            0.023921,            0.048001,           0.0041516,              0.8959,             0.84844,              0.8883,             0.70351,            0.025915,            0.074233,            0.013352,            0.001684,            0.001684,            0.001684
                 254,            0.023981,            0.048416,           0.0041481,              0.8958,             0.84883,             0.88827,             0.70343,            0.025916,             0.07427,             0.01336,            0.001651,            0.001651,            0.001651
                 255,            0.024058,            0.048979,           0.0042299,             0.89559,             0.84855,             0.88819,             0.70366,            0.025917,            0.074297,            0.013364,            0.001618,            0.001618,            0.001618
                 256,            0.023946,            0.048145,           0.0041439,             0.89478,              0.8499,              0.8881,             0.70396,            0.025918,            0.074326,            0.013373,            0.001585,            0.001585,            0.001585
                 257,            0.023955,            0.048402,           0.0041396,             0.89501,             0.84976,             0.88816,             0.70413,            0.025919,            0.074355,             0.01338,            0.001552,            0.001552,            0.001552
                 258,            0.023832,            0.047688,           0.0040482,             0.89631,             0.84882,             0.88817,             0.70435,             0.02592,             0.07439,            0.013388,            0.001519,            0.001519,            0.001519
                 259,            0.023938,            0.047924,           0.0041508,             0.89648,             0.84861,             0.88816,             0.70428,            0.025921,            0.074433,            0.013393,            0.001486,            0.001486,            0.001486
                 260,            0.023788,            0.048097,           0.0041832,             0.89659,             0.84845,             0.88817,             0.70467,             0.02592,            0.074456,            0.013399,            0.001453,            0.001453,            0.001453
                 261,            0.024039,            0.048489,           0.0041433,             0.89685,             0.84831,             0.88811,              0.7046,            0.025922,            0.074489,            0.013412,             0.00142,             0.00142,             0.00142
                 262,            0.023849,            0.047784,           0.0040964,             0.89712,             0.84856,             0.88803,             0.70427,            0.025924,            0.074522,            0.013422,            0.001387,            0.001387,            0.001387
                 263,            0.023808,            0.047896,           0.0040771,             0.89697,             0.84879,             0.88793,             0.70446,            0.025927,            0.074565,            0.013437,            0.001354,            0.001354,            0.001354
                 264,              0.0237,            0.047974,           0.0040471,             0.89656,             0.84848,             0.88783,             0.70415,             0.02593,            0.074607,            0.013449,            0.001321,            0.001321,            0.001321
                 265,            0.023591,            0.047203,           0.0040398,             0.89618,             0.84833,             0.88774,             0.70382,            0.025934,            0.074656,             0.01346,            0.001288,            0.001288,            0.001288
                 266,             0.02384,            0.048035,           0.0041031,             0.89571,             0.84869,             0.88774,             0.70402,            0.025937,            0.074703,            0.013473,            0.001255,            0.001255,            0.001255
                 267,            0.023767,             0.04713,             0.00407,             0.89609,             0.84892,             0.88768,             0.70395,            0.025938,            0.074756,            0.013485,            0.001222,            0.001222,            0.001222
                 268,            0.023775,            0.047609,           0.0040071,             0.89537,             0.85009,              0.8876,             0.70347,            0.025941,            0.074798,            0.013496,            0.001189,            0.001189,            0.001189
                 269,            0.023501,            0.047388,           0.0039262,             0.89541,             0.85042,             0.88752,             0.70372,            0.025941,            0.074825,            0.013511,            0.001156,            0.001156,            0.001156
                 270,            0.023416,            0.046543,           0.0038969,             0.89547,             0.85052,             0.88749,             0.70407,            0.025943,            0.074868,            0.013521,            0.001123,            0.001123,            0.001123
                 271,            0.023524,            0.046918,           0.0040132,             0.89544,             0.85063,             0.88755,             0.70401,            0.025944,            0.074905,            0.013533,             0.00109,             0.00109,             0.00109
                 272,            0.023532,            0.046719,           0.0039465,             0.89577,             0.85066,             0.88759,             0.70425,            0.025948,            0.074944,            0.013544,            0.001057,            0.001057,            0.001057
                 273,            0.023825,            0.047635,           0.0039262,             0.89565,             0.85054,             0.88756,              0.7043,            0.025949,            0.074982,            0.013557,            0.001024,            0.001024,            0.001024
                 274,            0.023805,            0.047949,           0.0040192,             0.89593,             0.85007,              0.8875,             0.70427,            0.025951,            0.075016,            0.013568,            0.000991,            0.000991,            0.000991
                 275,             0.02369,            0.046725,           0.0039512,             0.89564,             0.84996,             0.88751,             0.70438,            0.025954,            0.075056,            0.013577,            0.000958,            0.000958,            0.000958
                 276,            0.023611,            0.046745,            0.003989,             0.89569,             0.84966,             0.88749,             0.70434,            0.025956,            0.075107,            0.013592,            0.000925,            0.000925,            0.000925
                 277,            0.023553,            0.047469,           0.0038678,             0.89576,             0.84966,             0.88756,             0.70402,            0.025958,            0.075147,            0.013604,            0.000892,            0.000892,            0.000892
                 278,            0.023343,            0.046395,           0.0038186,             0.89578,             0.84959,              0.8875,             0.70396,            0.025961,            0.075198,             0.01362,            0.000859,            0.000859,            0.000859
                 279,            0.023295,            0.046496,           0.0038511,             0.89612,             0.84995,             0.88757,             0.70386,            0.025964,            0.075242,            0.013632,            0.000826,            0.000826,            0.000826
                 280,            0.023287,            0.046714,           0.0038734,             0.89612,             0.85023,             0.88749,             0.70393,            0.025966,             0.07528,            0.013644,            0.000793,            0.000793,            0.000793
                 281,            0.023245,            0.046798,           0.0037668,             0.89605,             0.85011,             0.88741,               0.704,            0.025968,            0.075329,            0.013659,             0.00076,             0.00076,             0.00076
                 282,            0.023461,            0.046131,           0.0039377,             0.89658,             0.84976,             0.88739,             0.70399,            0.025973,            0.075393,            0.013671,            0.000727,            0.000727,            0.000727
                 283,            0.023249,            0.046428,           0.0038152,             0.89661,             0.84975,             0.88732,             0.70366,            0.025974,            0.075429,             0.01368,            0.000694,            0.000694,            0.000694
                 284,            0.023295,            0.046269,           0.0038461,             0.89631,             0.84995,             0.88723,              0.7036,            0.025977,            0.075466,            0.013693,            0.000661,            0.000661,            0.000661
                 285,             0.02321,            0.046373,           0.0038347,              0.8964,             0.84976,             0.88711,             0.70354,            0.025979,            0.075509,            0.013704,            0.000628,            0.000628,            0.000628
                 286,            0.022997,            0.045519,           0.0037733,             0.89706,             0.84985,              0.8871,             0.70381,            0.025982,            0.075544,            0.013718,            0.000595,            0.000595,            0.000595
                 287,             0.02314,            0.045857,           0.0037747,             0.89699,              0.8499,             0.88704,             0.70361,            0.025984,            0.075577,            0.013729,            0.000562,            0.000562,            0.000562
                 288,             0.02308,            0.046756,           0.0037506,              0.8981,             0.84828,             0.88696,             0.70369,            0.025987,            0.075624,            0.013746,            0.000529,            0.000529,            0.000529
                 289,            0.023084,            0.045985,           0.0037813,             0.89803,             0.84829,              0.8869,             0.70364,            0.025989,            0.075669,             0.01376,            0.000496,            0.000496,            0.000496
                 290,             0.02312,            0.046334,           0.0037471,             0.89812,             0.84832,             0.88678,              0.7038,            0.025991,            0.075705,            0.013777,            0.000463,            0.000463,            0.000463
                 291,            0.023155,            0.046342,           0.0037269,             0.89795,             0.84858,             0.88675,             0.70363,            0.025992,            0.075738,            0.013793,             0.00043,             0.00043,             0.00043
                 292,            0.022953,            0.045818,           0.0037209,             0.89798,             0.84796,             0.88665,             0.70358,            0.025995,             0.07578,            0.013808,            0.000397,            0.000397,            0.000397
                 293,            0.022976,            0.045928,           0.0036871,             0.89802,             0.84799,             0.88661,             0.70344,            0.025998,            0.075833,            0.013823,            0.000364,            0.000364,            0.000364
                 294,            0.023032,            0.045603,           0.0036453,             0.89797,             0.84777,             0.88651,             0.70336,               0.026,            0.075871,            0.013838,            0.000331,            0.000331,            0.000331
                 295,            0.023011,            0.045055,           0.0037293,             0.89773,              0.8478,             0.88647,             0.70344,            0.026003,            0.075909,            0.013854,            0.000298,            0.000298,            0.000298
                 296,            0.022919,            0.045784,           0.0036291,             0.89735,             0.84835,             0.88638,             0.70338,            0.026006,            0.075953,            0.013871,            0.000265,            0.000265,            0.000265
                 297,            0.022891,            0.045099,           0.0036587,             0.89787,             0.84803,             0.88622,             0.70307,            0.026009,            0.076003,            0.013885,            0.000232,            0.000232,            0.000232
                 298,            0.022743,            0.045315,            0.003619,             0.89606,             0.84943,             0.88627,             0.70303,            0.026012,            0.076042,            0.013904,            0.000199,            0.000199,            0.000199
                 299,            0.022907,            0.045408,            0.003653,             0.89629,             0.84927,             0.88633,             0.70298,            0.026015,            0.076081,            0.013921,            0.000166,            0.000166,            0.000166
